number,position,positionText,points,grid,laps,status,driverId,driverNumber,driverCode,driverUrl,givenName,familyName,dateOfBirth,driverNationality,constructorId,constructorUrl,constructorName,constructorNationality,totalRaceTimeMillis,totalRaceTime,fastestLapRank,fastestLapNumber,fastestLapTime
4,1,1,25.0,1,57,Finished,norris,4,NOR,http://en.wikipedia.org/wiki/Lando_Norris,Lando,Norris,1999-11-13,British,mclaren,http://en.wikipedia.org/wiki/McLaren,McLaren,British,6126304.0,0 days 01:42:06.304000,1.0,43.0,0 days 00:01:22.167000
1,2,2,18.0,3,57,Finished,max_verstappen,33,VER,http://en.wikipedia.org/wiki/Max_Verstappen,Max,Verstappen,1997-09-30,Dutch,red_bull,http://en.wikipedia.org/wiki/Red_Bull_Racing,Red Bull,Austrian,6127199.0,0 days 00:00:00.895000,3.0,43.0,0 days 00:01:23.081000
63,3,3,15.0,4,57,Finished,russell,63,RUS,http://en.wikipedia.org/wiki/George_Russell_(racing_driver),George,Russell,1998-02-15,British,mercedes,http://en.wikipedia.org/wiki/Mercedes-Benz_in_Formula_One,Mercedes,German,6134785.0,0 days 00:00:08.481000,11.0,43.0,0 days 00:01:25.065000
12,4,4,12.0,16,57,Finished,antonelli,12,ANT,https://en.wikipedia.org/wiki/Andrea_Kimi_Antonelli,Andrea Kimi,Antonelli,2006-08-25,Italian,mercedes,http://en.wikipedia.org/wiki/Mercedes-Benz_in_Formula_One,Mercedes,German,6136439.0,0 days 00:00:10.135000,9.0,43.0,0 days 00:01:24.901000
23,5,5,10.0,6,57,Finished,albon,23,ALB,http://en.wikipedia.org/wiki/Alexander_Albon,Alexander,Albon,1996-03-23,Thai,williams,http://en.wikipedia.org/wiki/Williams_Grand_Prix_Engineering,Williams,British,6139077.0,0 days 00:00:12.773000,8.0,43.0,0 days 00:01:24.597000
18,6,6,8.0,13,57,Finished,stroll,18,STR,http://en.wikipedia.org/wiki/Lance_Stroll,Lance,Stroll,1998-10-29,Canadian,aston_martin,http://en.wikipedia.org/wiki/Aston_Martin_in_Formula_One,Aston Martin,British,6143717.0,0 days 00:00:17.413000,14.0,43.0,0 days 00:01:25.538000
27,7,7,6.0,17,57,Finished,hulkenberg,27,HUL,http://en.wikipedia.org/wiki/Nico_H%C3%BClkenberg,Nico,HÃ¼lkenberg,1987-08-19,German,sauber,http://en.wikipedia.org/wiki/Sauber_Motorsport,Sauber,Swiss,6144727.0,0 days 00:00:18.423000,12.0,43.0,0 days 00:01:25.243000
16,8,8,4.0,7,57,Finished,leclerc,16,LEC,http://en.wikipedia.org/wiki/Charles_Leclerc,Charles,Leclerc,1997-10-16,Monegasque,ferrari,http://en.wikipedia.org/wiki/Scuderia_Ferrari,Ferrari,Italian,6146130.0,0 days 00:00:19.826000,13.0,43.0,0 days 00:01:25.271000
81,9,9,2.0,2,57,Finished,piastri,81,PIA,http://en.wikipedia.org/wiki/Oscar_Piastri,Oscar,Piastri,2001-04-06,Australian,mclaren,http://en.wikipedia.org/wiki/McLaren,McLaren,British,6146752.0,0 days 00:00:20.448000,4.0,43.0,0 days 00:01:23.242000
44,10,10,1.0,8,57,Finished,hamilton,44,HAM,http://en.wikipedia.org/wiki/Lewis_Hamilton,Lewis,Hamilton,1985-01-07,British,ferrari,http://en.wikipedia.org/wiki/Scuderia_Ferrari,Ferrari,Italian,6148777.0,0 days 00:00:22.473000,7.0,43.0,0 days 00:01:24.218000
10,11,11,0.0,9,57,Finished,gasly,10,GAS,http://en.wikipedia.org/wiki/Pierre_Gasly,Pierre,Gasly,1996-02-07,French,alpine,http://en.wikipedia.org/wiki/Alpine_F1_Team,Alpine F1 Team,French,6152806.0,0 days 00:00:26.502000,10.0,43.0,0 days 00:01:25.020000
22,12,12,0.0,5,57,Finished,tsunoda,22,TSU,http://en.wikipedia.org/wiki/Yuki_Tsunoda,Yuki,Tsunoda,2000-05-11,Japanese,rb,http://en.wikipedia.org/wiki/RB_Formula_One_Team,RB F1 Team,Italian,6156188.0,0 days 00:00:29.884000,6.0,43.0,0 days 00:01:24.194000
31,13,13,0.0,19,57,Finished,ocon,31,OCO,http://en.wikipedia.org/wiki/Esteban_Ocon,Esteban,Ocon,1996-09-17,French,haas,http://en.wikipedia.org/wiki/Haas_F1_Team,Haas F1 Team,American,6159465.0,0 days 00:00:33.161000,15.0,42.0,0 days 00:01:26.764000
87,14,14,0.0,20,57,Finished,bearman,87,BEA,http://en.wikipedia.org/wiki/Oliver_Bearman,Oliver,Bearman,2005-05-08,British,haas,http://en.wikipedia.org/wiki/Haas_F1_Team,Haas F1 Team,American,6166655.0,0 days 00:00:40.351000,16.0,42.0,0 days 00:01:27.603000
30,15,R,0.0,18,46,Retired,lawson,30,LAW,http://en.wikipedia.org/wiki/Liam_Lawson,Liam,Lawson,2002-02-11,New Zealander,red_bull,http://en.wikipedia.org/wiki/Red_Bull_Racing,Red Bull,Austrian,,,2.0,43.0,0 days 00:01:22.970000
5,16,R,0.0,15,45,Retired,bortoleto,5,BOR,https://en.wikipedia.org/wiki/Gabriel_Bortoleto,Gabriel,Bortoleto,2004-10-14,Brazilian,sauber,http://en.wikipedia.org/wiki/Sauber_Motorsport,Sauber,Swiss,,,5.0,43.0,0 days 00:01:24.192000
14,17,R,0.0,12,32,Retired,alonso,14,ALO,http://en.wikipedia.org/wiki/Fernando_Alonso,Fernando,Alonso,1981-07-29,Spanish,aston_martin,http://en.wikipedia.org/wiki/Aston_Martin_in_Formula_One,Aston Martin,British,,,17.0,32.0,0 days 00:01:28.819000
55,18,R,0.0,10,0,Retired,sainz,55,SAI,http://en.wikipedia.org/wiki/Carlos_Sainz_Jr.,Carlos,Sainz,1994-09-01,Spanish,williams,http://en.wikipedia.org/wiki/Williams_Grand_Prix_Engineering,Williams,British,,,,,
7,19,R,0.0,14,0,Retired,doohan,7,DOO,http://en.wikipedia.org/wiki/Jack_Doohan,Jack,Doohan,2003-01-20,Australian,alpine,http://en.wikipedia.org/wiki/Alpine_F1_Team,Alpine F1 Team,French,,,,,
6,20,R,0.0,11,0,Retired,hadjar,6,HAD,https://en.wikipedia.org/wiki/Isack_Hadjar,Isack,Hadjar,2004-09-28,French,rb,http://en.wikipedia.org/wiki/RB_Formula_One_Team,RB F1 Team,Italian,,,,,
